{
  "symptom_code": "physSx_1",
  "symptom_name": "Stomach pain",
  "best_model": "LR-ElasticNet",
  "balanced_accuracy": 0.61,
  "roc_auc": 0.65,
  "f1_score": 0.61,
  "timestamp": "2025-11-14T10:21:49.059502",
  "hyperparameters": {
    "n_estimators": 513,
    "max_depth": 6,
    "learning_rate": 0.10535541632674326,
    "min_child_weight": 4,
    "subsample": 0.8225277071250963,
    "colsample_bytree": 0.5025124485019115,
    "gamma": 3.5877010449365345,
    "reg_alpha": 6.538839629254712,
    "reg_lambda": 3.4780346369862993
  }
}