{
  "symptom_code": "physSx_2",
  "symptom_name": "Back pain",
  "best_model": "StackingEnsemble",
  "balanced_accuracy": 0.579,
  "roc_auc": 0.609,
  "f1_score": 0.672,
  "timestamp": "2025-11-14T10:21:49.137935",
  "hyperparameters": {
    "n_estimators": 239,
    "max_depth": 12,
    "learning_rate": 0.03748248749231066,
    "min_child_weight": 4,
    "subsample": 0.524024769781557,
    "colsample_bytree": 0.7166544543154735,
    "gamma": 2.4495752833219804,
    "reg_alpha": 7.8876236466656975,
    "reg_lambda": 3.1943090593389654
  }
}