{
  "symptom_code": "physSx_12",
  "symptom_name": "Fatigue",
  "best_model": "RandomForest",
  "balanced_accuracy": 0.547,
  "roc_auc": 0.781,
  "f1_score": 0.93,
  "timestamp": "2025-11-14T10:08:05.845027",
  "hyperparameters": {
    "n_estimators": 485,
    "max_depth": 8,
    "learning_rate": 0.12400816125045114,
    "min_child_weight": 2,
    "subsample": 0.7971937716204041,
    "colsample_bytree": 0.850586514727917,
    "gamma": 0.24985022332283283,
    "reg_alpha": 0.19073911781142489,
    "reg_lambda": 0.7465110936891086
  }
}