{
  "symptom_code": "physSx_6",
  "symptom_name": "Dizziness",
  "best_model": "ExtraTrees",
  "balanced_accuracy": 0.637,
  "roc_auc": 0.703,
  "f1_score": 0.5,
  "timestamp": "2025-11-14T10:08:05.865079",
  "hyperparameters": {
    "n_estimators": 739,
    "max_depth": 11,
    "learning_rate": 0.017993590488526428,
    "min_child_weight": 1,
    "subsample": 0.9630852639306018,
    "colsample_bytree": 0.8268670002401627,
    "gamma": 0.33632355760153415,
    "reg_alpha": 0.02306659176394059,
    "reg_lambda": 2.2386146664912534
  }
}